,client_id,date_order,sales_net
0,829814,2018-02-08,58955.5504
1,829814,2018-02-09,47621.1504
2,829814,2018-02-13,17012.7136
3,829814,2018-02-14,22674.356799999998
4,829814,2018-02-15,47626.7072
5,829814,2018-02-16,41392.7872
6,829814,2018-02-20,73690.2704
7,829814,2018-02-26,11339.9568
8,829814,2018-02-27,45348.713599999995
9,829814,2018-02-28,37562.2936
10,829814,2018-03-01,28347.113599999997
11,829814,2018-03-05,28347.1136
12,829814,2018-03-07,27004.946679039997
13,829814,2018-03-08,58026.1296
14,829814,2018-03-09,45348.713599999995
15,829814,2018-03-13,45354.2704
16,829814,2018-03-14,24946.793599999997
17,829814,2018-03-15,30613.9936
18,829814,2018-03-16,34014.3136
19,829814,2018-03-20,22679.9136
20,829814,2018-03-21,51015.9136
21,829814,2018-03-22,7945.1936000000005
22,829814,2018-03-23,51015.9136
23,829814,2018-03-28,45348.7136
24,829814,2018-03-29,51015.9136
25,829814,2018-03-30,133251.43839999998
26,829814,2018-04-10,29486.1104
27,829814,2018-04-12,48193.4272
28,829814,2018-04-13,45926.5472
29,829814,2018-04-18,31191.8272
30,829814,2018-04-19,57260.947199999995
31,829814,2018-04-20,47065.544
32,829814,2018-04-26,40826.0672
33,829814,2018-04-27,73690.27040000001
34,829814,2018-05-02,28924.947200000002
35,829814,2018-05-03,34014.3136
36,829814,2018-05-04,68023.0704
37,829814,2018-05-09,79368.584
38,829814,2018-05-10,90708.5408
39,829814,2018-05-11,78246.2576
40,829814,2018-05-15,81641.0208
41,829814,2018-05-16,45359.8272
42,829814,2018-05-17,14756.947199999999
43,829814,2018-05-18,24946.793599999997
44,829814,2018-05-23,193329.3152
45,829814,2018-05-30,113377.3408
46,829814,2018-05-31,100909.5008
47,829814,2018-06-06,116794.3312
48,829814,2018-06-07,53288.350399999996
49,829814,2018-06-08,27791.5072
50,829814,2018-06-12,15901.500800000002
51,829814,2018-06-13,51610.4176
52,829814,2018-06-14,44248.614400000006
53,829814,2018-06-15,7945.1936000000005
54,829814,2018-06-19,31208.497600000002
55,829814,2018-06-20,168811.0576
56,829814,2018-06-21,79385.2544
57,829814,2018-06-22,123022.6944
58,829814,2018-06-26,86180.3376
59,829814,2018-06-27,69173.1808
60,829814,2018-06-28,61233.544
61,829814,2018-06-29,90702.984
62,829814,2018-07-03,46498.824
63,829814,2018-07-04,70306.6208
64,829814,2018-07-05,54994.067200000005
65,829814,2018-07-10,45926.5472
66,829814,2018-07-11,14184.6704
67,829814,2018-07-17,43098.504
68,829814,2018-07-18,69167.624
69,829814,2018-07-25,40826.067200000005
70,829814,2018-07-26,9089.747200000002
71,829814,2018-07-27,25524.6272
72,829814,2018-07-31,30063.944
73,829814,2018-08-08,3433.6608
74,829814,2018-08-09,34014.3136
75,829814,2018-08-14,90708.5408
76,829814,2018-08-15,25541.2976
77,829814,2018-08-16,48198.984
78,829814,2018-08-17,23818.9104
79,829814,2018-08-20,35842.28
80,829814,2018-08-22,18737.6032
81,829814,2018-08-23,34592.1472
82,829814,2018-08-24,23252.1904
83,829814,2018-08-29,46498.824
84,829814,2018-09-05,26108.0176
85,829814,2018-09-12,139474.24480000001
86,829814,2018-09-25,66643.62240000001
87,829814,2018-09-26,96495.7824
88,829814,2018-10-02,55713.728
89,829814,2018-10-03,25293.0816
90,829814,2018-10-10,68906.3808
91,829814,2018-10-17,49382.067200000005
92,829814,2018-10-24,8065.088000000001
93,829814,2018-10-25,42515.4816
94,829814,2018-10-31,45937.5872
95,829814,2018-11-07,72362.048
96,829814,2018-11-15,58004.4544
97,829814,2018-11-21,45937.5872
98,829814,2018-11-29,48274.6816
99,829814,2018-11-30,27026.508800000003
100,829814,2018-12-12,18387.340799999998
101,829814,2018-12-19,579.6736000000001
102,829814,2018-12-26,11487.1936
103,829814,2019-01-09,12646.5408
104,829814,2019-01-23,5189.0944
105,829814,2019-01-30,8627.980800000001
106,829814,2019-02-05,14374.3744
107,829814,2019-02-20,91880.768
108,829814,2019-02-28,91886.3616
109,829814,2019-03-07,22968.7936
110,829814,2019-03-13,8048.3072
111,829814,2019-03-20,45937.5872
112,829814,2019-03-27,49387.6608
113,829814,2019-03-29,11487.193599999999
114,829814,2019-05-10,34455.9872
115,829814,2019-05-14,29896.9088
116,829814,2019-05-17,28709.5936
117,829814,2019-05-20,28185.856000000003
118,829814,2019-05-28,37928.4352
119,829814,2019-06-03,18972.608
120,829814,2019-06-07,26060.38
121,829814,2019-06-12,16681.8816
122,829814,2019-06-19,48261.8752
123,829814,2019-06-25,8053.9008
124,829814,2019-06-28,13085.298000000004
125,829814,2019-07-01,17174.182800000006
126,829814,2019-07-04,31619.1488
127,829814,2019-07-11,106823.62879999999
128,829814,2019-07-16,74112.256
129,829814,2019-07-18,11487.1936
130,829814,2019-07-25,101105.2032
131,829814,2019-07-31,28163.481600000003
132,829814,2019-08-01,106255.1424
133,829814,2019-08-07,68939.9424
134,829814,2019-08-14,80421.5424
135,829814,2019-08-21,67212.1088
136,829814,2019-08-28,149294.3616
137,829814,2019-09-03,122892.2752
138,829814,2019-09-04,122155.886592
139,829814,2019-09-10,160953.4848
140,829814,2019-09-11,32649.970970793467
141,1773169,2017-09-25,50306.181827021916
142,1773169,2017-09-26,18957.387923722086
143,1773169,2017-09-27,43469.863040793265
144,1773169,2017-09-28,79045.35249941546
145,1773169,2017-09-29,25398.476866417113
146,1773169,2017-10-02,46581.26013416111
147,1773169,2017-10-03,28643.337246755767
148,1773169,2017-10-04,42269.89871549056
149,1773169,2017-10-05,23953.078122666495
150,1773169,2017-10-06,5909.451217308378
151,1773169,2017-10-09,119204.47195223218
152,1773169,2017-10-10,20763.16044977526
153,1773169,2017-10-11,55905.17492645525
154,1773169,2017-10-12,23367.52496968431
155,1773169,2017-10-13,30946.272564918767
156,1773169,2017-10-16,41206.873500322596
157,1773169,2017-10-17,30579.691400637785
158,1773169,2017-10-18,31589.358458588234
159,1773169,2017-10-19,21914.193975207214
160,1773169,2017-10-20,85559.10204179888
161,1773169,2017-10-23,25965.199472505283
162,1773169,2017-10-24,28810.132565475287
163,1773169,2017-10-25,36568.7386512595
164,1773169,2017-10-26,18148.316916715692
165,1773169,2017-10-27,19093.46593414329
166,1773169,2017-10-30,18257.825490565203
167,1773169,2017-10-31,20334.608379306123
168,1773169,2017-11-01,12233.179144705882
169,1773169,2017-11-02,68817.11427059377
170,1773169,2017-11-03,3792.527208666667
171,1773169,2017-11-06,33623.56702151722
172,1773169,2017-11-07,108179.68590982149
173,1773169,2017-11-08,74316.51260657588
174,1773169,2017-11-09,37943.482555515104
175,1773169,2017-11-10,195595.82007030066
176,1773169,2017-11-13,26251.84929529314
177,1773169,2017-11-14,63674.28291280112
178,1773169,2017-11-15,39504.69174666667
179,1773169,2017-11-16,24278.091841398335
180,1773169,2017-11-17,55034.679465333335
181,1773169,2017-11-20,39924.774971026374
182,1773169,2017-11-21,27565.232870333333
183,1773169,2017-11-22,116005.26866937727
184,1773169,2017-11-23,9527.042274666668
185,1773169,2017-11-24,90241.04595031674
186,1773169,2017-11-27,43086.07812245807
187,1773169,2017-11-28,69107.14980615117
188,1773169,2017-11-29,40905.78766420974
189,1773169,2017-11-30,51618.53742393767
190,1773169,2017-12-01,27198.43635396639
191,1773169,2017-12-04,17846.97163115912
192,1773169,2017-12-05,28967.069049560287
193,1773169,2017-12-06,5602.985430676221
194,1773169,2017-12-07,105296.5372979878
195,1773169,2017-12-08,27893.357681342262
196,1773169,2017-12-11,35736.04235279602
197,1773169,2017-12-12,65766.90088198215
198,1773169,2017-12-13,10575.754254117648
199,1773169,2017-12-14,38595.595305407485
200,1773169,2017-12-15,26717.708611565613
201,1773169,2017-12-19,53826.235278533335
202,1773169,2017-12-20,13090.048972128852
203,1773169,2017-12-21,19111.31929108497
204,1773169,2017-12-22,64365.055100552636
205,1773169,2017-12-25,21096.056784380955
206,1773169,2017-12-26,27410.72571124035
207,1773169,2017-12-27,45549.47398397337
208,1773169,2017-12-28,41452.24777073237
209,1773169,2017-12-29,22109.984945770117
210,1773169,2018-01-01,84483.49337566798
211,1773169,2018-01-02,42556.7057963308
212,1773169,2018-01-03,12545.229728941178
213,1773169,2018-01-04,21725.22651665366
214,1773169,2018-01-05,49620.15226642174
215,1773169,2018-01-08,144042.14047190742
216,1773169,2018-01-09,56016.69532990883
217,1773169,2018-01-10,56795.56194348921
218,1773169,2018-01-11,135192.7334206386
219,1773169,2018-01-12,19213.77708974747
220,1773169,2018-01-15,46772.67922281818
221,1773169,2018-01-16,23648.484326513644
222,1773169,2018-01-17,18894.89286826144
223,1773169,2018-01-18,36625.74023884656
224,1773169,2018-01-19,85139.14700536219
225,1773169,2018-01-22,85499.8378244695
226,1773169,2018-01-23,19240.066468049157
227,1773169,2018-01-24,22590.939357333333
228,1773169,2018-01-26,10780.36672451282
229,1773169,2018-01-29,237405.31029217958
230,1773169,2018-01-30,35565.68809789586
231,1773169,2018-01-31,61138.30470032714
232,1773169,2018-02-01,21142.364806240617
233,1773169,2018-02-02,10154.396623147504
234,1773169,2018-02-05,107716.93404736728
235,1773169,2018-02-06,180364.23458556124
236,1773169,2018-02-07,21377.672741758193
237,1773169,2018-02-08,34375.56145138749
238,1773169,2018-02-09,23440.614864000003
239,1773169,2018-02-12,36640.36250601465
240,1773169,2018-02-13,18222.126205404973
241,1773169,2018-02-14,32529.23015014001
242,1773169,2018-02-15,41751.25632347916
243,1773169,2018-02-16,7299.009213333334
244,1773169,2018-02-19,115169.6057966326
245,1773169,2018-02-20,22500.369373464055
246,1773169,2018-02-21,95418.78087793334
247,1773169,2018-02-22,96800.2988092183
248,1773169,2018-02-23,7912.889903839081
249,1773169,2018-02-26,112200.07165717217
250,1773169,2018-02-27,37503.489566271586
251,1773169,2018-02-28,10420.704435151703
252,1773169,2018-03-01,40931.23915230793
253,1773169,2018-03-02,31293.275883410948
254,1773169,2018-03-05,35346.984520005535
255,1773169,2018-03-06,43826.48615560564
256,1773169,2018-03-07,70819.78300681355
257,1773169,2018-03-08,103947.17073619609
258,1773169,2018-03-09,35195.36994593408
259,1773169,2018-03-12,72970.05954399657
260,1773169,2018-03-13,34332.99375662475
261,1773169,2018-03-14,35066.26126841252
262,1773169,2018-03-15,38303.11995136496
263,1773169,2018-03-16,26236.135358666666
264,1773169,2018-03-19,29356.444730384737
265,1773169,2018-03-20,36396.42021811373
266,1773169,2018-03-21,47442.36428307844
267,1773169,2018-03-22,38779.00156960141
268,1773169,2018-03-23,12376.450396436941
269,1773169,2018-03-26,65545.17552059205
270,1773169,2018-03-27,169830.62609339994
271,1773169,2018-03-28,45405.52823554915
272,1773169,2018-03-29,49664.15165465894
273,1773169,2018-03-30,25224.724178526983
274,1773169,2018-04-02,72975.68271401027
275,1773169,2018-04-03,26479.352603614963
276,1773169,2018-04-04,10287.997839287336
277,1773169,2018-04-06,65437.05162960337
278,1773169,2018-04-09,23314.3762452451
279,1773169,2018-04-10,42146.144230333106
280,1773169,2018-04-11,40240.38236384693
281,1773169,2018-04-12,42124.583489695135
282,1773169,2018-04-13,71110.73858635941
283,1773169,2018-04-16,68250.7830707394
284,1773169,2018-04-17,12227.033700590477
285,1773169,2018-04-18,77231.13628953147
286,1773169,2018-04-19,44180.13269755522
287,1773169,2018-04-20,88446.70242327852
288,1773169,2018-04-23,11029.681230840613
289,1773169,2018-04-24,7149.750833048129
290,1773169,2018-04-25,6304.329509036842
291,1773169,2018-04-26,8078.7921643076925
292,1773169,2018-04-27,12377.408635333335
293,1773169,2018-04-30,22575.21433722129
294,1773169,2018-05-01,3313.256536
295,1773169,2018-05-02,28114.655665871665
296,1773169,2018-05-03,1108.5129373333334
297,1773169,2018-05-08,14431.442037317069
298,1773169,2018-05-09,4800.653858039216
299,1773169,2018-05-10,3052.9444679999997
300,1773169,2018-05-11,20106.922302775252
301,1773169,2018-05-14,13785.679225238095
302,1773169,2018-05-15,11583.218508
303,1773169,2018-05-16,29603.64001549529
304,1773169,2018-05-17,28023.693462444448
305,1773169,2018-05-18,33223.28427073763
306,1773169,2018-05-21,79432.5358867174
307,1773169,2018-05-22,19214.324720560737
308,1773169,2018-05-23,45294.6852114934
309,1773169,2018-05-24,9535.289805002985
310,1773169,2018-05-25,66947.08460962576
311,1773169,2018-05-28,143947.19590767776
312,1773169,2018-05-29,103720.83944178019
313,1773169,2018-05-30,85492.50964752042
314,1773169,2018-05-31,31706.584273470085
315,1773169,2018-06-01,35028.167547347824
316,1773169,2018-06-04,15291.183257333334
317,1773169,2018-06-05,33327.846233159726
318,1773169,2018-06-06,49950.55811447961
319,1773169,2018-06-07,34576.71530791727
320,1773169,2018-06-08,103011.08089461854
321,1773169,2018-06-11,44370.085166229685
322,1773169,2018-06-12,47910.72787607888
323,1773169,2018-06-13,112178.88649367914
324,1773169,2018-06-14,31452.6561081257
325,1773169,2018-06-15,48993.76656353818
326,1773169,2018-06-18,102872.44190082897
327,1773169,2018-06-19,134802.18151429974
328,1773169,2018-06-20,44774.21588933334
329,1773169,2018-06-21,24623.34466633917
330,1773169,2018-06-22,17924.712629359852
331,1773169,2018-06-25,33153.918017086515
332,1773169,2018-06-26,33076.773072478434
333,1773169,2018-06-27,46107.604622349325
334,1773169,2018-06-28,54567.95457401282
335,1773169,2018-06-29,21950.37131039144
336,1773169,2018-07-02,28299.676655151496
337,1773169,2018-07-03,80632.9246595111
338,1773169,2018-07-04,58213.893840388424
339,1773169,2018-07-05,52129.59422308074
340,1773169,2018-07-06,105376.09108207408
341,1773169,2018-07-09,56833.038377217155
342,1773169,2018-07-10,37183.92139982748
343,1773169,2018-07-11,45201.349195441646
344,1773169,2018-07-12,35732.65986294127
345,1773169,2018-07-13,52661.56967201676
346,1773169,2018-07-16,47826.6623765721
347,1773169,2018-07-17,53534.074379109385
348,1773169,2018-07-18,19234.671238279636
349,1773169,2018-07-19,27010.08329314178
350,1773169,2018-07-20,101435.67406227623
351,1773169,2018-07-23,48847.85455885714
352,1773169,2018-07-25,89241.22700981807
353,1773169,2018-07-26,42758.56811629132
354,1773169,2018-07-27,22310.625384765433
355,1773169,2018-07-30,77388.73690837865
356,1773169,2018-07-31,62890.363183333335
357,1773169,2018-08-01,190281.60342904177
358,1773169,2018-08-02,59550.8047357103
359,1773169,2018-08-06,67101.967969772
360,1773169,2018-08-07,38641.49332966374
361,1773169,2018-08-08,57234.39186094926
362,1773169,2018-08-09,5851.385165333333
363,1773169,2018-08-10,62280.406118332285
364,1773169,2018-08-13,90560.31680031611
365,1773169,2018-08-14,51525.45093450931
366,1773169,2018-08-15,18284.052074950516
367,1773169,2018-08-16,47320.14457669214
368,1773169,2018-08-17,5270.775117246753
369,1773169,2018-08-20,72323.96386258253
370,1773169,2018-08-21,29181.38435942857
371,1773169,2018-08-22,36851.54016129748
372,1773169,2018-08-23,84860.74552150303
373,1773169,2018-08-24,39860.27903330719
374,1773169,2018-08-27,96825.42317876982
375,1773169,2018-08-28,22055.601932682555
376,1773169,2018-08-29,96201.40557265631
377,1773169,2018-08-30,59443.79394438096
378,1773169,2018-08-31,84497.6223931002
379,1773169,2018-09-03,28215.460044052485
380,1773169,2018-09-04,53641.341923825086
381,1773169,2018-09-05,70930.82861245569
382,1773169,2018-09-06,92508.68885971361
383,1773169,2018-09-07,137648.3868474308
384,1773169,2018-09-10,47527.57968659294
385,1773169,2018-09-11,21008.918520108506
386,1773169,2018-09-12,39529.79911725625
387,1773169,2018-09-13,12768.862634490843
388,1773169,2018-09-14,32918.21460850197
389,1773169,2018-09-17,35909.11245862775
390,1773169,2018-09-18,9322.345004
391,1773169,2018-09-19,12418.374513333334
392,1773169,2018-09-20,18105.006454000002
393,1773169,2018-09-21,19088.858128402328
394,1773169,2018-09-24,22016.859509192025
395,1773169,2018-09-25,41821.57720528816
396,1773169,2018-09-26,36850.34400226891
397,1773169,2018-09-27,88833.35785835568
398,1773169,2018-09-28,52756.73336416017
399,1773169,2018-10-01,12411.019017794873
400,1773169,2018-10-02,44788.92416789874
401,1773169,2018-10-03,104756.03167584496
402,1773169,2018-10-04,17632.63998478569
403,1773169,2018-10-05,50507.24654485729
404,1773169,2018-10-08,31737.849862224615
405,1773169,2018-10-09,35986.28147047872
406,1773169,2018-10-10,29413.28795132438
407,1773169,2018-10-11,24257.736200043735
408,1773169,2018-10-12,119015.80872391697
409,1773169,2018-10-15,45781.9664222916
410,1773169,2018-10-16,84671.07357126493
411,1773169,2018-10-17,59803.687057216455
412,1773169,2018-10-18,38403.891928555975
413,1773169,2018-10-19,102203.22735233082
414,1773169,2018-10-22,70462.47830911777
415,1773169,2018-10-23,65234.81146548403
416,1773169,2018-10-24,67868.18902606345
417,1773169,2018-10-25,19083.497381964746
418,1773169,2018-10-26,44978.36448438515
419,1773169,2018-10-29,95390.5875033804
420,1773169,2018-10-30,22036.240727346405
421,1773169,2018-10-31,20921.43525576508
422,1773169,2018-11-01,24912.034471047617
423,1773169,2018-11-02,49470.454244150955
424,1773169,2018-11-05,147836.21533559274
425,1773169,2018-11-06,120861.0931447507
426,1773169,2018-11-07,15557.44842451882
427,1773169,2018-11-08,25897.7157294816
428,1773169,2018-11-09,50378.04805662103
429,1773169,2018-11-12,33595.95584295752
430,1773169,2018-11-13,24100.426626820514
431,1773169,2018-11-14,39690.12909946666
432,1773169,2018-11-15,19498.56483668527
433,1773169,2018-11-16,70711.88007940896
434,1773169,2018-11-17,257.98252285714284
435,1773169,2018-11-19,29092.761119938088
436,1773169,2018-11-20,72626.99160434892
437,1773169,2018-11-21,101478.94177535239
438,1773169,2018-11-22,19097.147973914056
439,1773169,2018-11-23,25234.1590099536
440,1773169,2018-11-26,12953.683866036783
441,1773169,2018-11-27,108624.8225555705
442,1773169,2018-11-28,28575.812584711293
443,1773169,2018-11-29,24203.341314634923
444,1773169,2018-11-30,67923.62240539156
445,1773169,2018-12-03,25935.234950231345
446,1773169,2018-12-04,95856.07420990423
447,1773169,2018-12-05,33437.5113430902
448,1773169,2018-12-06,40734.71532013497
449,1773169,2018-12-07,14957.41772488889
450,1773169,2018-12-10,63658.173941247944
451,1773169,2018-12-11,110975.53696213593
452,1773169,2018-12-12,90944.07681247198
453,1773169,2018-12-13,46825.54599272767
454,1773169,2018-12-14,36758.06375385566
455,1773169,2018-12-17,51788.14365677846
456,1773169,2018-12-18,39480.97474777408
457,1773169,2018-12-19,94622.119462
458,1773169,2018-12-20,66939.94268172464
459,1773169,2018-12-21,27637.59679035294
460,1773169,2018-12-24,56930.794029996694
461,1773169,2018-12-25,32877.53841551864
462,1773169,2018-12-26,19479.712839338936
463,1773169,2018-12-27,86044.4299774452
464,1773169,2018-12-28,77092.20556526157
465,1773169,2018-12-31,39708.73661833661
466,1773169,2019-01-01,32012.277251538242
467,1773169,2019-01-02,16966.35769266667
468,1773169,2019-01-03,70324.34848623333
469,1773169,2019-01-04,35365.13569928105
470,1773169,2019-01-08,45515.358837947715
471,1773169,2019-01-09,21668.95612300513
472,1773169,2019-01-10,38761.6287625657
473,1773169,2019-01-11,27980.603008444446
474,1773169,2019-01-14,76136.88807491657
475,1773169,2019-01-15,57860.26435364893
476,1773169,2019-01-16,32986.80144229951
477,1773169,2019-01-17,133695.17990405177
478,1773169,2019-01-18,46798.22455929619
479,1773169,2019-01-22,83052.20998186657
480,1773169,2019-01-23,37168.84733226667
481,1773169,2019-01-24,33155.034824171125
482,1773169,2019-01-25,77794.73951942845
483,1773169,2019-01-29,64074.05088413329
484,1773169,2019-01-30,102965.99128356484
485,1773169,2019-01-31,48360.52568248641
486,1773169,2019-02-01,40550.145493627446
487,1773169,2019-02-04,101319.89109444259
488,1773169,2019-02-05,63081.23583559639
489,1773169,2019-02-06,73137.3422467701
490,1773169,2019-02-07,56554.624419555126
491,1773169,2019-02-08,52655.102347550055
492,1773169,2019-02-11,92158.03037900617
493,1773169,2019-02-12,46134.28530762575
494,1773169,2019-02-13,15716.184439190476
495,1773169,2019-02-15,12236.666586
496,1773169,2019-02-18,66158.82735996619
497,1773169,2019-02-19,145078.190837305
498,1773169,2019-02-20,45140.8208028366
499,1773169,2019-02-21,31778.71959417367
500,1773169,2019-02-22,29035.864906450737
501,1773169,2019-02-26,173790.37051406168
502,1773169,2019-02-27,23999.379919714287
503,1773169,2019-02-28,27462.294724946405
504,1773169,2019-03-01,39002.78834385223
505,1773169,2019-03-04,66834.75256048248
506,1773169,2019-03-05,54438.181104365394
507,1773169,2019-03-06,43376.8298588897
508,1773169,2019-03-07,91152.02113012748
509,1773169,2019-03-08,47793.9777284837
510,1773169,2019-03-11,32503.685253333333
511,1773169,2019-03-12,98505.69942231463
512,1773169,2019-03-13,77710.44633028963
513,1773169,2019-03-14,25376.209821556207
514,1773169,2019-03-15,42291.5274657464
515,1773169,2019-03-18,77734.68351834532
516,1773169,2019-03-19,52606.950920885174
517,1773169,2019-03-20,57903.99247497885
518,1773169,2019-03-21,49713.14985703297
519,1773169,2019-03-22,102568.65168216306
520,1773169,2019-03-25,31376.63743933147
521,1773169,2019-03-26,21548.005923164586
522,1773169,2019-03-27,117610.09474313323
523,1773169,2019-03-28,23320.78089840915
524,1773169,2019-03-29,76231.0268954818
525,1773169,2019-04-01,52938.887854556706
526,1773169,2019-04-02,40075.996935056086
527,1773169,2019-04-03,32051.551948084747
528,1773169,2019-04-04,31091.833378322895
529,1773169,2019-04-08,123844.12001989577
530,1773169,2019-04-09,39604.53296568783
531,1773169,2019-04-10,32873.52967694236
532,1773169,2019-04-11,36593.938888630815
533,1773169,2019-04-12,89634.9205438915
534,1773169,2019-04-15,58293.534054629046
535,1773169,2019-04-16,16867.100559111113
536,1773169,2019-04-17,72456.78920401189
537,1773169,2019-04-18,68471.60443330633
538,1773169,2019-04-19,48278.721091041705
539,1773169,2019-04-22,21675.342790065934
540,1773169,2019-04-23,23889.398431804635
541,1773169,2019-04-24,16540.32250935313
542,1773169,2019-04-25,15688.074997358986
543,1773169,2019-04-26,11465.009691597885
544,1773169,2019-04-29,29405.373456454487
545,1773169,2019-04-30,27805.11697048485
546,1773169,2019-05-01,39654.50237261905
547,1773169,2019-05-02,2329.6482266666667
548,1773169,2019-05-03,4698.444380222222
549,1773169,2019-05-06,54625.57970622436
550,1773169,2019-05-08,7542.317381333333
551,1773169,2019-05-09,4348.008240549159
552,1773169,2019-05-10,15704.373326296296
553,1773169,2019-05-13,26703.606793251325
554,1773169,2019-05-14,69707.78317526574
555,1773169,2019-05-15,28141.019287317395
556,1773169,2019-05-16,11435.006582476191
557,1773169,2019-05-17,15180.225359780821
558,1773169,2019-05-20,18982.46719492027
559,1773169,2019-05-21,29049.5330983451
560,1773169,2019-05-22,39798.73946204782
561,1773169,2019-05-23,18973.88541561905
562,1773169,2019-05-24,31331.96192482107
563,1773169,2019-05-27,66735.91696155556
564,1773169,2019-05-28,27168.32720132346
565,1773169,2019-05-29,105783.3513408565
566,1773169,2019-05-30,95867.71904355491
567,1773169,2019-05-31,86450.77311008057
568,1773169,2019-06-03,112054.84038622199
569,1773169,2019-06-04,49030.540155253184
570,1773169,2019-06-05,74983.54531922909
571,1773169,2019-06-06,37264.749426243034
572,1773169,2019-06-07,74965.95921750838
573,1773169,2019-06-10,52619.171196685784
574,1773169,2019-06-11,27439.19867490196
575,1773169,2019-06-12,83561.63451935173
576,1773169,2019-06-13,26503.555356561523
577,1773169,2019-06-14,95307.8801746055
578,1773169,2019-06-17,11833.425756725173
579,1773169,2019-06-18,68226.59206443474
580,1773169,2019-06-19,129428.05939657144
581,1773169,2019-06-20,20147.182095404598
582,1773169,2019-06-21,36396.19967232539
583,1773169,2019-06-24,56111.32537862809
584,1773169,2019-06-25,61855.10418683992
585,1773169,2019-06-26,129727.0532648477
586,1773169,2019-06-27,35931.29285126984
587,1773169,2019-06-28,43911.06336640293
588,1773169,2019-07-01,196589.75934907587
589,1773169,2019-07-02,151320.73047733333
590,1773169,2019-07-03,42327.2414262409
591,1773169,2019-07-04,37707.75346260695
592,1773169,2019-07-05,106606.96990180953
593,1773169,2019-07-08,68924.91644305023
594,1773169,2019-07-09,75784.28466315243
595,1773169,2019-07-10,24553.95803002169
596,1773169,2019-07-11,11337.61783589939
597,1773169,2019-07-12,48498.68316869708
598,1773169,2019-07-15,109496.71496236269
599,1773169,2019-07-16,55965.8436438449
600,1773169,2019-07-17,89008.62856409402
601,1773169,2019-07-18,42628.93640417293
602,1773169,2019-07-19,62926.745040844464
603,1773169,2019-07-20,83.48386666666666
604,1773169,2019-07-22,65852.79896513546
605,1773169,2019-07-23,62219.44227837823
606,1773169,2019-07-24,412.89508
607,1773169,2019-07-25,15356.530857236898
608,1773169,2019-07-26,136861.70330996363
609,1773169,2019-07-29,79001.04855055881
610,1773169,2019-07-30,76342.26440581788
611,1773169,2019-07-31,20145.18321070866
612,1773169,2019-08-01,29428.59912078928
613,1773169,2019-08-02,13690.196024555557
614,1773169,2019-08-05,66823.31874891113
615,1773169,2019-08-06,40185.51236330688
616,1773169,2019-08-07,94767.25116459148
617,1773169,2019-08-08,71394.45603459183
618,1773169,2019-08-09,20194.22575000218
619,1773169,2019-08-12,59622.71250000928
620,1773169,2019-08-13,49864.64526976804
621,1773169,2019-08-14,30744.07537475235
622,1773169,2019-08-15,21473.646738505882
623,1773169,2019-08-16,297584.77788383875
624,1773169,2019-08-19,102532.48819542516
625,1773169,2019-08-20,109152.05495444642
626,1773169,2019-08-21,31149.13737173823
627,1773169,2019-08-22,44972.81056468893
628,1773169,2019-08-23,109279.57849676069
629,1773169,2019-08-26,52982.268968753866
630,1773169,2019-08-27,46515.17634246379
631,1773169,2019-08-28,122821.35409261653
632,1773169,2019-08-29,61266.47707654756
633,1773169,2019-08-30,27794.006160222223
634,1773169,2019-09-02,44354.66424432754
635,1773169,2019-09-03,38747.1487016
636,1773169,2019-09-04,62013.95117387363
637,1773169,2019-09-05,61717.591156822025
638,1773169,2019-09-06,34311.39195908773
639,1773169,2019-09-07,14024.873515555557
640,1773169,2019-09-09,19226.272933028013
641,1773169,2019-09-10,27657.820779434893
642,1773169,2019-09-11,38109.83732441777
643,1773169,2019-09-12,17191.24041777778
644,1773169,2019-09-13,59621.748541970446
645,1773169,2019-09-17,50801.13177903243
646,1773169,2019-09-18,5073.088431111111
647,1773169,2019-09-19,2255.9231680000003
648,1773169,2019-09-20,20766.741216589744
649,2212698,2017-09-25,634.3332533333333
650,2212698,2017-09-27,18894.304316
651,2212698,2017-09-28,540.4646822222222
652,2212698,2017-09-29,912.9365160000001
653,2212698,2017-10-02,3251.6112000000003
654,2212698,2017-10-03,3297.4824000000003
655,2212698,2017-10-04,1009.145332
656,2212698,2017-10-09,1555.1380233333334
657,2212698,2017-10-11,4842.917413333333
658,2212698,2017-10-13,384.8176
659,2212698,2017-10-16,3252.9360000000006
660,2212698,2017-10-17,3251.6112000000007
661,2212698,2017-10-19,2227.5371362352944
662,2212698,2017-10-20,766.964992
663,2212698,2017-10-23,62431.44502666667
664,2212698,2017-10-25,1762.9144266666667
665,2212698,2017-10-26,66.40559999999999
666,2212698,2017-10-30,254.91360000000003
667,2212698,2017-10-31,1361.7619506666667
668,2212698,2017-11-01,62568.57746666667
669,2212698,2017-11-02,97717.4182
670,2212698,2017-11-04,8688.848
671,2212698,2017-11-06,31740.12144
672,2212698,2017-11-07,34390.20043529412
673,2212698,2017-11-08,36170.806917
674,2212698,2017-11-10,0.0
675,2212698,2017-11-14,1207.814065
676,2212698,2017-11-20,861.392504
677,2212698,2017-11-21,308.98357933333335
678,2212698,2017-11-22,9730.069142222223
679,2212698,2017-11-23,1415.66518
680,2212698,2017-11-24,901.692
681,2212698,2017-11-28,10160.614841333334
682,2212698,2017-11-29,1838.4765413333334
683,2212698,2017-11-30,2807.1132000000002
684,2212698,2017-12-01,91135.50053333334
685,2212698,2017-12-03,112.24920000000002
686,2212698,2017-12-04,126796.48073333333
687,2212698,2017-12-05,4269.0024
688,2212698,2017-12-06,10333.23148711111
689,2212698,2017-12-07,337.313492
690,2212698,2017-12-08,139051.11686666668
691,2212698,2017-12-09,18318.592266666667
692,2212698,2017-12-11,2646.84
693,2212698,2017-12-12,9931.312600000001
694,2212698,2017-12-13,1011.1026320000001
695,2212698,2017-12-14,954.6012000000001
696,2212698,2017-12-19,3490.1773200000007
697,2212698,2017-12-20,4611.7354663333335
698,2212698,2017-12-21,4332.411707019608
699,2212698,2017-12-22,286640.6901
700,2212698,2017-12-25,7396.034376000001
701,2212698,2017-12-26,1.1368683772161603e-13
702,2212698,2017-12-27,416.22759599999995
703,2212698,2017-12-28,2656.7806000000005
704,2212698,2018-01-02,9739.47742
705,2212698,2018-01-03,11863.120964000002
706,2212698,2018-01-04,20663.02304566667
707,2212698,2018-01-08,36749.32222933333
708,2212698,2018-01-09,1796.1387853333333
709,2212698,2018-01-10,16628.412150666667
710,2212698,2018-01-11,3842.6348860000007
711,2212698,2018-01-12,3825.3646
712,2212698,2018-01-15,6705.902999999999
713,2212698,2018-01-16,513.5785153333334
714,2212698,2018-01-17,731.4828000000001
715,2212698,2018-01-18,6492.349962666667
716,2212698,2018-01-19,7060.078122568628
717,2212698,2018-01-22,10086.433002666668
718,2212698,2018-01-23,2149.6139786666668
719,2212698,2018-01-24,193.1448
720,2212698,2018-01-29,170157.230396
721,2212698,2018-01-30,1259.0979035555556
722,2212698,2018-01-31,6540.579
723,2212698,2018-02-01,6202.334130666667
724,2212698,2018-02-02,146469.17138133335
725,2212698,2018-02-06,3359.63116
726,2212698,2018-02-07,877.6137600000001
727,2212698,2018-02-08,222.2352
728,2212698,2018-02-09,0.0
729,2212698,2018-02-12,13463.540666666668
730,2212698,2018-02-13,192769.81686266666
731,2212698,2018-02-14,121713.30593333334
732,2212698,2018-02-15,10844.725430666667
733,2212698,2018-02-20,456.34645000000006
734,2212698,2018-02-21,32317.70363466667
735,2212698,2018-02-22,1966.4018666666666
736,2212698,2018-02-23,1251.2163836666666
737,2212698,2018-02-26,139.4014666666667
738,2212698,2018-02-27,15767.934065333335
739,2212698,2018-02-28,55212.19306666667
740,2212698,2018-03-01,266384.16576533334
741,2212698,2018-03-02,43131.528933333335
742,2212698,2018-03-05,5458.59
743,2212698,2018-03-06,1244.5115999999998
744,2212698,2018-03-07,30462.604270476193
745,2212698,2018-03-08,9130.1237
746,2212698,2018-03-09,12319.500952380953
747,2212698,2018-03-12,392.6514
748,2212698,2018-03-13,1296.26482
749,2212698,2018-03-15,1777.9089221960785
750,2212698,2018-03-16,23.785833333333336
751,2212698,2018-03-19,2265.1191136862744
752,2212698,2018-03-20,227.95300000000003
753,2212698,2018-03-21,29888.378085568627
754,2212698,2018-03-22,1217.187416
755,2212698,2018-03-23,1529.1720353333333
756,2212698,2018-03-26,1618.911074
757,2212698,2018-03-27,50845.86156666667
758,2212698,2018-03-28,10011.257472000001
759,2212698,2018-03-29,733.531594
760,2212698,2018-03-30,536.360046
761,2212698,2018-04-02,556.6722506666666
762,2212698,2018-04-03,3063.6495726666667
763,2212698,2018-04-04,3161.2212
764,2212698,2018-04-09,1206.1388293333334
765,2212698,2018-04-10,912.1378639999999
766,2212698,2018-04-11,1622.6229494444444
767,2212698,2018-04-12,6215.625800000001
768,2212698,2018-04-13,21136.04274
769,2212698,2018-04-16,119.02757600000001
770,2212698,2018-04-18,288.180064
771,2212698,2018-04-19,381.145604
772,2212698,2018-04-23,2848.302222352941
773,2212698,2018-04-24,162.06655600000002
774,2212698,2018-04-25,2172.3611626666666
775,2212698,2018-04-26,200.49044800000001
776,2212698,2018-04-27,495.85681600000004
777,2212698,2018-05-01,383.97120000000007
778,2212698,2018-05-02,797.474676
779,2212698,2018-05-04,712.8901520000001
780,2212698,2018-05-09,253.48704800000002
781,2212698,2018-05-10,245.74975600000002
782,2212698,2018-05-11,1013.8509173333334
783,2212698,2018-05-14,770.064288
784,2212698,2018-05-15,4137.7224479999995
785,2212698,2018-05-16,4034.8702660000004
786,2212698,2018-05-17,1197.0598400000001
787,2212698,2018-05-18,2027.5784626666666
788,2212698,2018-05-21,5627.726234666668
789,2212698,2018-05-22,933.616
790,2212698,2018-05-23,4882.83882
791,2212698,2018-05-24,2068.0306842424243
792,2212698,2018-05-25,117.71032
793,2212698,2018-05-28,2702.2332
794,2212698,2018-05-29,379.3672286666667
795,2212698,2018-05-30,241.8404
796,2212698,2018-05-31,122967.9939509804
797,2212698,2018-06-01,569.8055266666668
798,2212698,2018-06-04,18427.825760333333
799,2212698,2018-06-05,889.2041165454546
800,2212698,2018-06-07,2041.342644
801,2212698,2018-06-08,249685.16517333334
802,2212698,2018-06-11,21.395244
803,2212698,2018-06-12,1843.2462650980392
804,2212698,2018-06-13,8175.285600000002
805,2212698,2018-06-14,217745.37644
806,2212698,2018-06-15,6783.394048
807,2212698,2018-06-18,31558.822905
808,2212698,2018-06-19,690.9736666666666
809,2212698,2018-06-20,6767.8282
810,2212698,2018-06-21,136145.16067239217
811,2212698,2018-06-22,143.50804
812,2212698,2018-06-25,14199.770666666665
813,2212698,2018-06-26,11011.916289254903
814,2212698,2018-06-27,431.90596
815,2212698,2018-06-28,18058.940574666667
816,2212698,2018-06-29,264.6978
817,2212698,2018-07-02,77239.24350933333
818,2212698,2018-07-03,81827.34018133333
819,2212698,2018-07-04,5117.584272
820,2212698,2018-07-05,817.19552
821,2212698,2018-07-06,17511.531926666667
822,2212698,2018-07-09,508.864236
823,2212698,2018-07-10,5427.922444000001
824,2212698,2018-07-11,18485.859
825,2212698,2018-07-12,12963.406280000001
826,2212698,2018-07-13,888.103324
827,2212698,2018-07-16,20287.071156
828,2212698,2018-07-17,1505.1345053333334
829,2212698,2018-07-18,262587.80449151515
830,2212698,2018-07-19,33721.19298266667
831,2212698,2018-07-20,2842.8179959215686
832,2212698,2018-07-23,2057.4701213333333
833,2212698,2018-07-25,55159.14571333334
834,2212698,2018-07-26,18592.03839047619
835,2212698,2018-07-27,9480.020400000001
836,2212698,2018-07-30,2208.9108
837,2212698,2018-07-31,1194.8437412121214
838,2212698,2018-08-01,1701.13888
839,2212698,2018-08-02,35816.77039333333
840,2212698,2018-08-04,95847.80186666668
841,2212698,2018-08-06,117586.13656
842,2212698,2018-08-07,2263.3954080000003
843,2212698,2018-08-08,44759.013024190135
844,2212698,2018-08-09,3986.718156
845,2212698,2018-08-10,255.1758
846,2212698,2018-08-13,1118.7660144313725
847,2212698,2018-08-14,176626.09174666667
848,2212698,2018-08-15,38481.829920000004
849,2212698,2018-08-16,4584.379596
850,2212698,2018-08-17,13434.18592
851,2212698,2018-08-20,1635.123728
852,2212698,2018-08-21,757.7856
853,2212698,2018-08-22,398.7326
854,2212698,2018-08-23,8707.351520412798
855,2212698,2018-08-24,484.5842400000001
856,2212698,2018-08-27,441.1584
857,2212698,2018-08-28,348.53096000000005
858,2212698,2018-08-29,1213.2628493333334
859,2212698,2018-08-30,2462.6652
860,2212698,2018-08-31,246.9372
861,2212698,2018-09-03,1724.213154666667
862,2212698,2018-09-04,1253.67526
863,2212698,2018-09-05,4445.803492000001
864,2212698,2018-09-06,6157.690145994613
865,2212698,2018-09-10,4196.2488
866,2212698,2018-09-11,464.83613333333335
867,2212698,2018-09-12,3965.80904
868,2212698,2018-09-13,339.756
869,2212698,2018-09-14,503.5965
870,2212698,2018-09-17,0.0
871,2212698,2018-09-18,318.88488
872,2212698,2018-09-19,366.61172000000005
873,2212698,2018-09-21,67.23360000000001
874,2212698,2018-09-25,602.7392483137255
875,2212698,2018-09-26,17129.37788
876,2212698,2018-09-27,12331.339536307692
877,2212698,2018-09-28,70.94304000000001
878,2212698,2018-10-01,29552.976
879,2212698,2018-10-02,39093.109476
880,2212698,2018-10-03,1929.6490319999998
881,2212698,2018-10-05,6543.5741238888895
882,2212698,2018-10-09,274.886432
883,2212698,2018-10-10,453.932968
884,2212698,2018-10-16,1515.116812
885,2212698,2018-10-17,609.1640214117647
886,2212698,2018-10-18,150.18251733333335
887,2212698,2018-10-19,63685.24218666667
888,2212698,2018-10-22,41.1792
889,2212698,2018-10-23,3238.0999306742424
890,2212698,2018-10-24,73656.47883748148
891,2212698,2018-10-25,21341.361137714284
892,2212698,2018-10-26,10201.2636
893,2212698,2018-10-29,7256.897440000002
894,2212698,2018-10-30,-1.5543122344752192e-12
895,2212698,2018-10-31,63085.85162831373
896,2212698,2018-11-01,3839.2220999999995
897,2212698,2018-11-02,4177.7062
898,2212698,2018-11-05,2398.637424489796
899,2212698,2018-11-06,3841.4102236190474
900,2212698,2018-11-07,595.9652666666667
901,2212698,2018-11-08,6573.9964666666665
902,2212698,2018-11-09,78377.49345333334
903,2212698,2018-11-12,1.3322676295501878e-13
904,2212698,2018-11-13,2015.994809411765
905,2212698,2018-11-14,10241.581066666668
906,2212698,2018-11-15,1633.632592
907,2212698,2018-11-19,75487.744596
908,2212698,2018-11-20,1684.4332556938425
909,2212698,2018-11-21,337.82915199999997
910,2212698,2018-11-22,453.3628097254902
911,2212698,2018-11-23,174.3768
912,2212698,2018-11-26,14507.458012
913,2212698,2018-11-27,16222.493400000001
914,2212698,2018-11-28,4060.043091333334
915,2212698,2018-11-29,496.97406400000006
916,2212698,2018-11-30,21700.244884491978
917,2212698,2018-12-03,225607.2197777778
918,2212698,2018-12-04,879.47216
919,2212698,2018-12-05,29965.480263999998
920,2212698,2018-12-06,440.536848
921,2212698,2018-12-07,562.753696
922,2212698,2018-12-10,155423.310336
923,2212698,2018-12-11,86465.8596
924,2212698,2018-12-12,433.80962400000004
925,2212698,2018-12-13,10949.727673411764
926,2212698,2018-12-14,3848.625087047619
927,2212698,2018-12-17,19895.114954
928,2212698,2018-12-18,749.4002600000001
929,2212698,2018-12-19,502.883684
930,2212698,2018-12-20,7629.9590283529415
931,2212698,2018-12-21,3546.934495764706
932,2212698,2018-12-24,57559.97492807843
933,2212698,2018-12-25,5560.8527596470585
934,2212698,2018-12-26,9755.3258
935,2212698,2018-12-27,18255.671136
936,2212698,2018-12-28,51.288252
937,2212698,2018-12-31,111584.355192
938,2212698,2019-01-01,2273.648102666667
939,2212698,2019-01-02,27918.970348
940,2212698,2019-01-03,11481.321086666667
941,2212698,2019-01-04,22917.328033333335
942,2212698,2019-01-08,54513.242908
943,2212698,2019-01-09,16286.530837019607
944,2212698,2019-01-10,98539.74118666667
945,2212698,2019-01-11,9918.235750666667
946,2212698,2019-01-14,1798.3639523529414
947,2212698,2019-01-15,1468.8416706666667
948,2212698,2019-01-16,2222.3594213333336
949,2212698,2019-01-17,12343.740847501831
950,2212698,2019-01-18,5397.145653333334
951,2212698,2019-01-22,166.40113600000004
952,2212698,2019-01-23,69953.70155229412
953,2212698,2019-01-24,77.9976
954,2212698,2019-01-29,358.632744
955,2212698,2019-01-30,4784.026281333333
956,2212698,2019-01-31,1056.4152080000001
957,2212698,2019-02-04,265.342352
958,2212698,2019-02-05,4559.324705904763
959,2212698,2019-02-06,10966.028504000002
960,2212698,2019-02-07,266.9472
961,2212698,2019-02-11,138866.18
962,2212698,2019-02-12,17168.890877019607
963,2212698,2019-02-13,15316.492733333333
964,2212698,2019-02-15,89582.64388
965,2212698,2019-02-18,146991.08980911112
966,2212698,2019-02-19,1697.933232
967,2212698,2019-02-20,7817.832326666667
968,2212698,2019-02-21,161.47288
969,2212698,2019-02-22,625.1836909803922
970,2212698,2019-02-26,31272.974981019608
971,2212698,2019-02-27,54906.372800000005
972,2212698,2019-02-28,46264.072384
973,2212698,2019-03-01,5130.7664
974,2212698,2019-03-04,22658.062312000002
975,2212698,2019-03-05,3831.7023077254903
976,2212698,2019-03-07,1100.1154686666669
977,2212698,2019-03-08,1130.55074
978,2212698,2019-03-11,43777.595008
979,2212698,2019-03-12,569.1211488888889
980,2212698,2019-03-13,8232.05037688889
981,2212698,2019-03-14,1018.1708080000001
982,2212698,2019-03-18,334.18119866666666
983,2212698,2019-03-19,474.716596
984,2212698,2019-03-20,75628.82237933333
985,2212698,2019-03-21,520.596536
986,2212698,2019-03-25,794.7078986666667
987,2212698,2019-03-26,1422.8053
988,2212698,2019-03-27,4825.9704
989,2212698,2019-03-28,2422.9453764848486
990,2212698,2019-03-29,593.5217466666667
991,2212698,2019-04-01,821.8490261176471
992,2212698,2019-04-02,3495.469457045752
993,2212698,2019-04-04,1036.5894533333335
994,2212698,2019-04-08,195643.99648333332
995,2212698,2019-04-09,28819.5612
996,2212698,2019-04-10,4115.147212
997,2212698,2019-04-11,978.4974333333333
998,2212698,2019-04-12,9815.4432
999,2212698,2019-04-15,120.9156
1000,2212698,2019-04-16,1595.4940261886088
1001,2212698,2019-04-17,82.46879999999959
1002,2212698,2019-04-18,8145.861710952381
1003,2212698,2019-04-19,410.10410666666667
1004,2212698,2019-04-22,542.434576
1005,2212698,2019-04-23,376.5652
1006,2212698,2019-04-25,6733.3006
1007,2212698,2019-04-26,219.696
1008,2212698,2019-04-29,508.88282
1009,2212698,2019-05-08,547.675962117647
1010,2212698,2019-05-15,20.0652
1011,2212698,2019-05-17,0.0
1012,2212698,2019-05-20,17157.186414666667
1013,2212698,2019-05-21,711.827
1014,2212698,2019-05-22,2166.8461
1015,2212698,2019-05-23,761.935866117647
1016,2212698,2019-05-24,520.0146666666667
1017,2212698,2019-05-27,2704.8
1018,2212698,2019-05-28,4834.654188
1019,2212698,2019-05-29,784.3731093333333
1020,2212698,2019-05-30,862.600004
1021,2212698,2019-06-04,16056.280005333334
1022,2212698,2019-06-06,783.7257176
1023,2212698,2019-06-07,29686.836568727274
1024,2212698,2019-06-10,12655.475104000001
1025,2212698,2019-06-11,4357.016147333334
1026,2212698,2019-06-12,72749.25109145098
1027,2212698,2019-06-13,87743.03017777778
1028,2212698,2019-06-14,188083.11946666666
1029,2212698,2019-06-17,573.2566613333333
1030,2212698,2019-06-18,25495.221546666668
1031,2212698,2019-06-19,1342.33336
1032,2212698,2019-06-24,8017.459707333333
1033,2212698,2019-06-25,12827.064672
1034,2212698,2019-06-26,11028.4356
1035,2212698,2019-06-28,153385.74984266667
1036,2212698,2019-07-01,95740.67976082354
1037,2212698,2019-07-02,702.9504720000001
1038,2212698,2019-07-03,53120.453466666666
1039,2212698,2019-07-04,94658.86119971429
1040,2212698,2019-07-05,13667.049266666667
1041,2212698,2019-07-08,53208.920973333334
1042,2212698,2019-07-09,194574.1261607843
1043,2212698,2019-07-10,1736.9952287843137
1044,2212698,2019-07-11,412983.5932
1045,2212698,2019-07-12,1287.403702
1046,2212698,2019-07-16,36180.864656
1047,2212698,2019-07-17,107819.0598254902
1048,2212698,2019-07-18,126.0216
1049,2212698,2019-07-19,50.636524
1050,2212698,2019-07-22,16740.0946
1051,2212698,2019-07-23,738.399952888889
1052,2212698,2019-07-25,35434.34375788235
1053,2212698,2019-07-26,314.1386
1054,2212698,2019-07-29,3553.0860000000002
1055,2212698,2019-07-30,223.3683333333333
1056,2212698,2019-07-31,6421.450408
1057,2212698,2019-08-01,2971.648024
1058,2212698,2019-08-02,3.410605131648481e-13
1059,2212698,2019-08-05,804.1299560000001
1060,2212698,2019-08-06,3046.393332
1061,2212698,2019-08-07,11071.283588000002
1062,2212698,2019-08-08,1358.5458227843137
1063,2212698,2019-08-12,1441.90749
1064,2212698,2019-08-13,2460.2364
1065,2212698,2019-08-14,11783.958398666668
1066,2212698,2019-08-15,2750.357112
1067,2212698,2019-08-16,7506.181713333333
1068,2212698,2019-08-19,78222.49358600001
1069,2212698,2019-08-20,240831.88962133334
1070,2212698,2019-08-21,123040.91254666667
1071,2212698,2019-08-22,30904.904101333334
1072,2212698,2019-08-23,54331.69955333333
1073,2212698,2019-08-26,46525.36644601961
1074,2212698,2019-08-27,54094.87261666667
1075,2212698,2019-08-28,1341.8107693333334
1076,2212698,2019-08-29,150.28200000000004
1077,2212698,2019-08-30,8042.029094444445
1078,2212698,2019-09-02,3338.0985906666665
1079,2212698,2019-09-03,1469.9826546666668
1080,2212698,2019-09-04,1201.329936117647
1081,2212698,2019-09-05,295.275288
1082,2212698,2019-09-06,990.5575906666668
1083,2212698,2019-09-09,2224.6214560000003
1084,2212698,2019-09-10,2884.0620000000004
1085,2212698,2019-09-11,7787.563859
1086,2212698,2019-09-12,16582.103262857145
1087,2212698,2019-09-13,476.070928
